[{"id":0,"ticketNumber":2,"tag":"B","operationType":1,"timeStamp":"2019-10-24T21:17:34.8983264+02:00"},{"id":1,"ticketNumber":2,"tag":"D","operationType":2,"timeStamp":"2019-10-24T21:18:34.8983264+02:00"},{"id":2,"ticketNumber":3,"tag":"B","operationType":1,"timeStamp":"2019-10-24T21:19:34.8983264+02:00"},{"id":3,"ticketNumber":4,"tag":"B","operationType":3,"timeStamp":"2019-10-24T21:20:34.8983264+02:00"},{"id":4,"ticketNumber":3,"tag":"D","operationType":1,"timeStamp":"2019-10-24T21:21:34.8983264+02:00"},{"id":5,"ticketNumber":5,"tag":"B","operationType":3,"timeStamp":"2019-10-24T21:22:34.8983264+02:00"},{"id":6,"ticketNumber":4,"tag":"D","operationType":2,"timeStamp":"2019-10-24T21:23:34.8983264+02:00"},{"id":7,"ticketNumber":6,"tag":"B","operationType":2,"timeStamp":"2019-10-24T21:24:34.8983264+02:00"},{"id":8,"ticketNumber":5,"tag":"D","operationType":3,"timeStamp":"2019-10-24T21:25:34.8983264+02:00"},{"id":9,"ticketNumber":2,"tag":"C","operationType":3,"timeStamp":"2019-10-24T21:26:34.8983264+02:00"},{"id":10,"ticketNumber":3,"tag":"C","operationType":3,"timeStamp":"2019-10-24T21:27:34.8983264+02:00"},{"id":11,"ticketNumber":2,"tag":"A","operationType":0,"timeStamp":"2019-10-24T21:28:34.8983264+02:00"},{"id":12,"ticketNumber":6,"tag":"D","operationType":1,"timeStamp":"2019-10-24T21:29:34.8983264+02:00"},{"id":13,"ticketNumber":3,"tag":"A","operationType":0,"timeStamp":"2019-10-24T21:30:34.8983264+02:00"},{"id":14,"ticketNumber":4,"tag":"C","operationType":0,"timeStamp":"2019-10-24T21:31:34.8983264+02:00"},{"id":15,"ticketNumber":5,"tag":"C","operationType":1,"timeStamp":"2019-10-24T21:32:34.8983264+02:00"},{"id":16,"ticketNumber":7,"tag":"D","operationType":3,"timeStamp":"2019-10-24T21:33:34.8983264+02:00"},{"id":17,"ticketNumber":4,"tag":"A","operationType":0,"timeStamp":"2019-10-24T21:34:34.8983264+02:00"},{"id":18,"ticketNumber":7,"tag":"B","operationType":3,"timeStamp":"2019-10-24T21:35:34.8983264+02:00"},{"id":19,"ticketNumber":6,"tag":"C","operationType":0,"timeStamp":"2019-10-24T21:36:34.8983264+02:00"},{"id":20,"ticketNumber":8,"tag":"D","operationType":1,"timeStamp":"2019-10-24T21:37:34.8983264+02:00"},{"id":21,"ticketNumber":9,"tag":"D","operationType":3,"timeStamp":"2019-10-24T21:38:34.8983264+02:00"},{"id":22,"ticketNumber":5,"tag":"A","operationType":3,"timeStamp":"2019-10-24T21:39:34.8983264+02:00"},{"id":23,"ticketNumber":8,"tag":"B","operationType":0,"timeStamp":"2019-10-24T21:40:34.8983264+02:00"},{"id":24,"ticketNumber":9,"tag":"B","operationType":2,"timeStamp":"2019-10-24T21:41:34.8983264+02:00"},{"id":25,"ticketNumber":7,"tag":"C","operationType":3,"timeStamp":"2019-10-24T21:42:34.8983264+02:00"},{"id":26,"ticketNumber":10,"tag":"B","operationType":3,"timeStamp":"2019-10-24T21:43:34.8983264+02:00"},{"id":27,"ticketNumber":11,"tag":"B","operationType":2,"timeStamp":"2019-10-24T21:44:34.8983264+02:00"},{"id":28,"ticketNumber":12,"tag":"B","operationType":3,"timeStamp":"2019-10-24T21:45:34.8983264+02:00"},{"id":29,"ticketNumber":10,"tag":"D","operationType":3,"timeStamp":"2019-10-24T21:46:34.8983264+02:00"},{"id":30,"ticketNumber":6,"tag":"A","operationType":0,"timeStamp":"2019-10-24T21:47:34.8983264+02:00"},{"id":31,"ticketNumber":7,"tag":"A","operationType":3,"timeStamp":"2019-10-24T21:48:34.8983264+02:00"},{"id":32,"ticketNumber":8,"tag":"C","operationType":0,"timeStamp":"2019-10-24T21:49:34.8983264+02:00"},{"id":33,"ticketNumber":11,"tag":"D","operationType":0,"timeStamp":"2019-10-24T21:50:34.8983264+02:00"},{"id":34,"ticketNumber":13,"tag":"B","operationType":1,"timeStamp":"2019-10-24T21:51:34.8983264+02:00"},{"id":35,"ticketNumber":8,"tag":"A","operationType":0,"timeStamp":"2019-10-24T21:52:34.8983264+02:00"},{"id":36,"ticketNumber":14,"tag":"B","operationType":1,"timeStamp":"2019-10-24T21:53:34.8983264+02:00"},{"id":37,"ticketNumber":9,"tag":"A","operationType":1,"timeStamp":"2019-10-24T21:54:34.8983264+02:00"},{"id":38,"ticketNumber":12,"tag":"D","operationType":0,"timeStamp":"2019-10-24T21:55:34.8983264+02:00"},{"id":39,"ticketNumber":13,"tag":"D","operationType":0,"timeStamp":"2019-10-24T21:56:34.8983264+02:00"},{"id":40,"ticketNumber":10,"tag":"A","operationType":0,"timeStamp":"2019-10-24T21:57:34.8983264+02:00"},{"id":41,"ticketNumber":9,"tag":"C","operationType":3,"timeStamp":"2019-10-24T21:58:34.8983264+02:00"},{"id":42,"ticketNumber":15,"tag":"B","operationType":3,"timeStamp":"2019-10-24T21:59:34.8983264+02:00"},{"id":43,"ticketNumber":14,"tag":"D","operationType":3,"timeStamp":"2019-10-24T22:00:34.8983264+02:00"},{"id":44,"ticketNumber":16,"tag":"B","operationType":1,"timeStamp":"2019-10-24T22:01:34.8983264+02:00"},{"id":45,"ticketNumber":10,"tag":"C","operationType":2,"timeStamp":"2019-10-24T22:02:34.8983264+02:00"},{"id":46,"ticketNumber":11,"tag":"A","operationType":2,"timeStamp":"2019-10-24T22:03:34.8983264+02:00"},{"id":47,"ticketNumber":15,"tag":"D","operationType":2,"timeStamp":"2019-10-24T22:04:34.8983264+02:00"},{"id":48,"ticketNumber":12,"tag":"A","operationType":3,"timeStamp":"2019-10-24T22:05:34.8983264+02:00"},{"id":49,"ticketNumber":13,"tag":"A","operationType":0,"timeStamp":"2019-10-24T22:06:34.8983264+02:00"},{"id":50,"ticketNumber":16,"tag":"D","operationType":0,"timeStamp":"2019-10-24T22:07:34.8983264+02:00"},{"id":51,"ticketNumber":11,"tag":"C","operationType":0,"timeStamp":"2019-10-24T22:08:34.8983264+02:00"},{"id":52,"ticketNumber":12,"tag":"C","operationType":1,"timeStamp":"2019-10-24T22:09:34.8983264+02:00"},{"id":53,"ticketNumber":13,"tag":"C","operationType":0,"timeStamp":"2019-10-24T22:10:34.8983264+02:00"},{"id":54,"ticketNumber":14,"tag":"C","operationType":0,"timeStamp":"2019-10-24T22:11:34.8983264+02:00"},{"id":55,"ticketNumber":15,"tag":"C","operationType":0,"timeStamp":"2019-10-24T22:12:34.8983264+02:00"},{"id":56,"ticketNumber":17,"tag":"D","operationType":2,"timeStamp":"2019-10-24T22:13:34.8983264+02:00"},{"id":57,"ticketNumber":16,"tag":"C","operationType":0,"timeStamp":"2019-10-24T22:14:34.8983264+02:00"},{"id":58,"ticketNumber":17,"tag":"C","operationType":0,"timeStamp":"2019-10-24T22:15:34.8983264+02:00"},{"id":59,"ticketNumber":17,"tag":"B","operationType":2,"timeStamp":"2019-10-24T22:16:34.8983264+02:00"},{"id":60,"ticketNumber":14,"tag":"A","operationType":3,"timeStamp":"2019-10-24T22:17:34.8983264+02:00"},{"id":61,"ticketNumber":18,"tag":"D","operationType":3,"timeStamp":"2019-10-24T22:18:34.8983264+02:00"},{"id":62,"ticketNumber":18,"tag":"C","operationType":1,"timeStamp":"2019-10-24T22:19:34.8983264+02:00"},{"id":63,"ticketNumber":15,"tag":"A","operationType":2,"timeStamp":"2019-10-24T22:20:34.8983264+02:00"},{"id":64,"ticketNumber":18,"tag":"B","operationType":2,"timeStamp":"2019-10-24T22:21:34.8983264+02:00"},{"id":65,"ticketNumber":16,"tag":"A","operationType":0,"timeStamp":"2019-10-24T22:22:34.8983264+02:00"},{"id":66,"ticketNumber":17,"tag":"A","operationType":3,"timeStamp":"2019-10-24T22:23:34.8983264+02:00"},{"id":67,"ticketNumber":18,"tag":"A","operationType":0,"timeStamp":"2019-10-24T22:24:34.8983264+02:00"},{"id":68,"ticketNumber":19,"tag":"B","operationType":2,"timeStamp":"2019-10-24T22:25:34.8983264+02:00"},{"id":69,"ticketNumber":20,"tag":"B","operationType":0,"timeStamp":"2019-10-24T22:26:34.8983264+02:00"},{"id":70,"ticketNumber":19,"tag":"A","operationType":3,"timeStamp":"2019-10-24T22:27:34.8983264+02:00"},{"id":71,"ticketNumber":21,"tag":"B","operationType":0,"timeStamp":"2019-10-24T22:28:34.8983264+02:00"},{"id":72,"ticketNumber":19,"tag":"D","operationType":1,"timeStamp":"2019-10-24T22:29:34.8983264+02:00"},{"id":73,"ticketNumber":19,"tag":"C","operationType":1,"timeStamp":"2019-10-24T22:30:34.8983264+02:00"},{"id":74,"ticketNumber":20,"tag":"A","operationType":3,"timeStamp":"2019-10-24T22:31:34.8983264+02:00"},{"id":75,"ticketNumber":20,"tag":"D","operationType":3,"timeStamp":"2019-10-24T22:32:34.8983264+02:00"},{"id":76,"ticketNumber":20,"tag":"C","operationType":2,"timeStamp":"2019-10-24T22:33:34.8983264+02:00"},{"id":77,"ticketNumber":21,"tag":"A","operationType":3,"timeStamp":"2019-10-24T22:34:34.8983264+02:00"},{"id":78,"ticketNumber":22,"tag":"B","operationType":2,"timeStamp":"2019-10-24T22:35:34.8983264+02:00"},{"id":79,"ticketNumber":23,"tag":"B","operationType":0,"timeStamp":"2019-10-24T22:36:34.8983264+02:00"},{"id":80,"ticketNumber":24,"tag":"B","operationType":0,"timeStamp":"2019-10-24T22:37:34.8983264+02:00"},{"id":81,"ticketNumber":21,"tag":"C","operationType":0,"timeStamp":"2019-10-24T22:38:34.8983264+02:00"},{"id":82,"ticketNumber":22,"tag":"A","operationType":2,"timeStamp":"2019-10-24T22:39:34.8983264+02:00"},{"id":83,"ticketNumber":23,"tag":"A","operationType":0,"timeStamp":"2019-10-24T22:40:34.8983264+02:00"},{"id":84,"ticketNumber":25,"tag":"B","operationType":2,"timeStamp":"2019-10-24T22:41:34.8983264+02:00"},{"id":85,"ticketNumber":22,"tag":"C","operationType":3,"timeStamp":"2019-10-24T22:42:34.8983264+02:00"},{"id":86,"ticketNumber":21,"tag":"D","operationType":1,"timeStamp":"2019-10-24T22:43:34.8983264+02:00"},{"id":87,"ticketNumber":23,"tag":"C","operationType":0,"timeStamp":"2019-10-24T22:44:34.8983264+02:00"},{"id":88,"ticketNumber":24,"tag":"C","operationType":2,"timeStamp":"2019-10-24T22:45:34.8983264+02:00"},{"id":89,"ticketNumber":24,"tag":"A","operationType":0,"timeStamp":"2019-10-24T22:46:34.8983264+02:00"},{"id":90,"ticketNumber":22,"tag":"D","operationType":3,"timeStamp":"2019-10-24T22:47:34.8983264+02:00"},{"id":91,"ticketNumber":25,"tag":"C","operationType":1,"timeStamp":"2019-10-24T22:48:34.8983264+02:00"},{"id":92,"ticketNumber":26,"tag":"C","operationType":0,"timeStamp":"2019-10-24T22:49:34.8983264+02:00"},{"id":93,"ticketNumber":26,"tag":"B","operationType":2,"timeStamp":"2019-10-24T22:50:34.8983264+02:00"},{"id":94,"ticketNumber":23,"tag":"D","operationType":1,"timeStamp":"2019-10-24T22:51:34.8983264+02:00"},{"id":95,"ticketNumber":24,"tag":"D","operationType":3,"timeStamp":"2019-10-24T22:52:34.8983264+02:00"},{"id":96,"ticketNumber":27,"tag":"B","operationType":1,"timeStamp":"2019-10-24T22:53:34.8983264+02:00"},{"id":97,"ticketNumber":25,"tag":"D","operationType":0,"timeStamp":"2019-10-24T22:54:34.8983264+02:00"},{"id":98,"ticketNumber":25,"tag":"A","operationType":1,"timeStamp":"2019-10-24T22:55:34.8983264+02:00"},{"id":99,"ticketNumber":26,"tag":"A","operationType":1,"timeStamp":"2019-10-24T22:56:34.8983264+02:00"},{"id":100,"ticketNumber":28,"tag":"B","operationType":2,"timeStamp":"2019-10-24T22:57:34.8983264+02:00"},{"id":101,"ticketNumber":26,"tag":"D","operationType":1,"timeStamp":"2019-10-24T22:58:34.8983264+02:00"},{"id":102,"ticketNumber":27,"tag":"A","operationType":0,"timeStamp":"2019-10-24T22:59:34.8983264+02:00"},{"id":103,"ticketNumber":28,"tag":"A","operationType":0,"timeStamp":"2019-10-24T23:00:34.8983264+02:00"},{"id":104,"ticketNumber":27,"tag":"D","operationType":3,"timeStamp":"2019-10-24T23:01:34.8983264+02:00"},{"id":105,"ticketNumber":29,"tag":"A","operationType":2,"timeStamp":"2019-10-24T23:02:34.8983264+02:00"},{"id":106,"ticketNumber":27,"tag":"C","operationType":0,"timeStamp":"2019-10-24T23:03:34.8983264+02:00"},{"id":107,"ticketNumber":29,"tag":"B","operationType":1,"timeStamp":"2019-10-24T23:04:34.8983264+02:00"},{"id":108,"ticketNumber":28,"tag":"C","operationType":1,"timeStamp":"2019-10-24T23:05:34.8983264+02:00"},{"id":109,"ticketNumber":30,"tag":"B","operationType":3,"timeStamp":"2019-10-24T23:06:34.8983264+02:00"},{"id":110,"ticketNumber":30,"tag":"A","operationType":2,"timeStamp":"2019-10-24T23:07:34.8983264+02:00"},{"id":111,"ticketNumber":31,"tag":"B","operationType":0,"timeStamp":"2019-10-24T23:08:34.8983264+02:00"},{"id":112,"ticketNumber":28,"tag":"D","operationType":3,"timeStamp":"2019-10-24T23:09:34.8983264+02:00"},{"id":113,"ticketNumber":29,"tag":"C","operationType":2,"timeStamp":"2019-10-24T23:10:34.8983264+02:00"},{"id":114,"ticketNumber":30,"tag":"C","operationType":1,"timeStamp":"2019-10-24T23:11:34.8983264+02:00"},{"id":115,"ticketNumber":29,"tag":"D","operationType":1,"timeStamp":"2019-10-24T23:12:34.8983264+02:00"},{"id":116,"ticketNumber":32,"tag":"B","operationType":3,"timeStamp":"2019-10-24T23:13:34.8983264+02:00"},{"id":117,"ticketNumber":30,"tag":"D","operationType":0,"timeStamp":"2019-10-24T23:14:34.8983264+02:00"},{"id":118,"ticketNumber":31,"tag":"D","operationType":0,"timeStamp":"2019-10-24T23:15:34.8983264+02:00"},{"id":119,"ticketNumber":31,"tag":"A","operationType":2,"timeStamp":"2019-10-24T23:16:34.8983264+02:00"},{"id":120,"ticketNumber":32,"tag":"D","operationType":1,"timeStamp":"2019-10-24T23:17:34.8983264+02:00"},{"id":121,"ticketNumber":31,"tag":"C","operationType":3,"timeStamp":"2019-10-24T23:18:34.8983264+02:00"},{"id":122,"ticketNumber":32,"tag":"A","operationType":0,"timeStamp":"2019-10-24T23:19:34.8983264+02:00"},{"id":123,"ticketNumber":33,"tag":"A","operationType":0,"timeStamp":"2019-10-24T23:20:34.8983264+02:00"},{"id":124,"ticketNumber":33,"tag":"D","operationType":1,"timeStamp":"2019-10-24T23:21:34.8983264+02:00"},{"id":125,"ticketNumber":32,"tag":"C","operationType":3,"timeStamp":"2019-10-24T23:22:34.8983264+02:00"},{"id":126,"ticketNumber":34,"tag":"D","operationType":0,"timeStamp":"2019-10-24T23:23:34.8983264+02:00"},{"id":127,"ticketNumber":34,"tag":"A","operationType":2,"timeStamp":"2019-10-24T23:24:34.8983264+02:00"},{"id":128,"ticketNumber":35,"tag":"A","operationType":3,"timeStamp":"2019-10-24T23:25:34.8983264+02:00"},{"id":129,"ticketNumber":33,"tag":"C","operationType":1,"timeStamp":"2019-10-24T23:26:34.8983264+02:00"},{"id":130,"ticketNumber":34,"tag":"C","operationType":2,"timeStamp":"2019-10-24T23:27:34.8983264+02:00"},{"id":131,"ticketNumber":35,"tag":"C","operationType":2,"timeStamp":"2019-10-24T23:28:34.8983264+02:00"},{"id":132,"ticketNumber":36,"tag":"A","operationType":3,"timeStamp":"2019-10-24T23:29:34.8983264+02:00"},{"id":133,"ticketNumber":33,"tag":"B","operationType":3,"timeStamp":"2019-10-24T23:30:34.8983264+02:00"},{"id":134,"ticketNumber":34,"tag":"B","operationType":0,"timeStamp":"2019-10-24T23:31:34.8983264+02:00"},{"id":135,"ticketNumber":36,"tag":"C","operationType":1,"timeStamp":"2019-10-24T23:32:34.8983264+02:00"},{"id":136,"ticketNumber":37,"tag":"A","operationType":2,"timeStamp":"2019-10-24T23:33:34.8983264+02:00"},{"id":137,"ticketNumber":35,"tag":"D","operationType":3,"timeStamp":"2019-10-24T23:34:34.8983264+02:00"},{"id":138,"ticketNumber":38,"tag":"A","operationType":1,"timeStamp":"2019-10-24T23:35:34.8983264+02:00"},{"id":139,"ticketNumber":36,"tag":"D","operationType":3,"timeStamp":"2019-10-24T23:36:34.8983264+02:00"},{"id":140,"ticketNumber":37,"tag":"C","operationType":1,"timeStamp":"2019-10-24T23:37:34.8983264+02:00"},{"id":141,"ticketNumber":38,"tag":"C","operationType":0,"timeStamp":"2019-10-24T23:38:34.8983264+02:00"},{"id":142,"ticketNumber":39,"tag":"C","operationType":3,"timeStamp":"2019-10-24T23:39:34.8983264+02:00"},{"id":143,"ticketNumber":35,"tag":"B","operationType":0,"timeStamp":"2019-10-24T23:40:34.8983264+02:00"},{"id":144,"ticketNumber":40,"tag":"C","operationType":0,"timeStamp":"2019-10-24T23:41:34.8983264+02:00"},{"id":145,"ticketNumber":39,"tag":"A","operationType":0,"timeStamp":"2019-10-24T23:42:34.8983264+02:00"},{"id":146,"ticketNumber":41,"tag":"C","operationType":3,"timeStamp":"2019-10-24T23:43:34.8983264+02:00"},{"id":147,"ticketNumber":40,"tag":"A","operationType":1,"timeStamp":"2019-10-24T23:44:34.8983264+02:00"},{"id":148,"ticketNumber":42,"tag":"C","operationType":3,"timeStamp":"2019-10-24T23:45:34.8983264+02:00"},{"id":149,"ticketNumber":37,"tag":"D","operationType":1,"timeStamp":"2019-10-24T23:46:34.8983264+02:00"},{"id":150,"ticketNumber":43,"tag":"C","operationType":1,"timeStamp":"2019-10-24T23:47:34.8983264+02:00"},{"id":151,"ticketNumber":44,"tag":"C","operationType":3,"timeStamp":"2019-10-24T23:48:34.8983264+02:00"},{"id":152,"ticketNumber":38,"tag":"D","operationType":1,"timeStamp":"2019-10-24T23:49:34.8983264+02:00"},{"id":153,"ticketNumber":39,"tag":"D","operationType":1,"timeStamp":"2019-10-24T23:50:34.8983264+02:00"},{"id":154,"ticketNumber":41,"tag":"A","operationType":1,"timeStamp":"2019-10-24T23:51:34.8983264+02:00"},{"id":155,"ticketNumber":45,"tag":"C","operationType":2,"timeStamp":"2019-10-24T23:52:34.8983264+02:00"},{"id":156,"ticketNumber":40,"tag":"D","operationType":3,"timeStamp":"2019-10-24T23:53:34.8983264+02:00"},{"id":157,"ticketNumber":46,"tag":"C","operationType":0,"timeStamp":"2019-10-24T23:54:34.8983264+02:00"},{"id":158,"ticketNumber":41,"tag":"D","operationType":1,"timeStamp":"2019-10-24T23:55:34.8983264+02:00"},{"id":159,"ticketNumber":42,"tag":"D","operationType":0,"timeStamp":"2019-10-24T23:56:34.8983264+02:00"},{"id":160,"ticketNumber":36,"tag":"B","operationType":0,"timeStamp":"2019-10-24T23:57:34.8983264+02:00"},{"id":161,"ticketNumber":42,"tag":"A","operationType":1,"timeStamp":"2019-10-24T23:58:34.8983264+02:00"},{"id":162,"ticketNumber":43,"tag":"A","operationType":1,"timeStamp":"2019-10-24T23:59:34.8983264+02:00"},{"id":163,"ticketNumber":43,"tag":"D","operationType":1,"timeStamp":"2019-10-25T00:00:34.8983264+02:00"},{"id":164,"ticketNumber":47,"tag":"C","operationType":2,"timeStamp":"2019-10-25T00:01:34.8983264+02:00"},{"id":165,"ticketNumber":44,"tag":"A","operationType":0,"timeStamp":"2019-10-25T00:02:34.8983264+02:00"},{"id":166,"ticketNumber":48,"tag":"C","operationType":2,"timeStamp":"2019-10-25T00:03:34.8983264+02:00"},{"id":167,"ticketNumber":45,"tag":"A","operationType":1,"timeStamp":"2019-10-25T00:04:34.8983264+02:00"},{"id":168,"ticketNumber":44,"tag":"D","operationType":3,"timeStamp":"2019-10-25T00:05:34.8983264+02:00"},{"id":169,"ticketNumber":37,"tag":"B","operationType":1,"timeStamp":"2019-10-25T00:06:34.8983264+02:00"},{"id":170,"ticketNumber":46,"tag":"A","operationType":0,"timeStamp":"2019-10-25T00:07:34.8983264+02:00"},{"id":171,"ticketNumber":45,"tag":"D","operationType":0,"timeStamp":"2019-10-25T00:08:34.8983264+02:00"},{"id":172,"ticketNumber":49,"tag":"C","operationType":1,"timeStamp":"2019-10-25T00:09:34.8983264+02:00"},{"id":173,"ticketNumber":47,"tag":"A","operationType":2,"timeStamp":"2019-10-25T00:10:34.8983264+02:00"},{"id":174,"ticketNumber":48,"tag":"A","operationType":3,"timeStamp":"2019-10-25T00:11:34.8983264+02:00"},{"id":175,"ticketNumber":50,"tag":"C","operationType":0,"timeStamp":"2019-10-25T00:12:34.8983264+02:00"},{"id":176,"ticketNumber":46,"tag":"D","operationType":3,"timeStamp":"2019-10-25T00:13:34.8983264+02:00"},{"id":177,"ticketNumber":47,"tag":"D","operationType":2,"timeStamp":"2019-10-25T00:14:34.8983264+02:00"},{"id":178,"ticketNumber":49,"tag":"A","operationType":1,"timeStamp":"2019-10-25T00:15:34.8983264+02:00"},{"id":179,"ticketNumber":51,"tag":"C","operationType":1,"timeStamp":"2019-10-25T00:16:34.8983264+02:00"},{"id":180,"ticketNumber":38,"tag":"B","operationType":1,"timeStamp":"2019-10-25T00:17:34.8983264+02:00"},{"id":181,"ticketNumber":52,"tag":"C","operationType":2,"timeStamp":"2019-10-25T00:18:34.8983264+02:00"},{"id":182,"ticketNumber":50,"tag":"A","operationType":1,"timeStamp":"2019-10-25T00:19:34.8983264+02:00"},{"id":183,"ticketNumber":51,"tag":"A","operationType":1,"timeStamp":"2019-10-25T00:20:34.8983264+02:00"},{"id":184,"ticketNumber":53,"tag":"C","operationType":1,"timeStamp":"2019-10-25T00:21:34.8983264+02:00"},{"id":185,"ticketNumber":39,"tag":"B","operationType":0,"timeStamp":"2019-10-25T00:22:34.8983264+02:00"},{"id":186,"ticketNumber":52,"tag":"A","operationType":1,"timeStamp":"2019-10-25T00:23:34.8983264+02:00"},{"id":187,"ticketNumber":48,"tag":"D","operationType":1,"timeStamp":"2019-10-25T00:24:34.8983264+02:00"},{"id":188,"ticketNumber":53,"tag":"A","operationType":0,"timeStamp":"2019-10-25T00:25:34.8983264+02:00"},{"id":189,"ticketNumber":49,"tag":"D","operationType":3,"timeStamp":"2019-10-25T00:26:34.8983264+02:00"},{"id":190,"ticketNumber":40,"tag":"B","operationType":0,"timeStamp":"2019-10-25T00:27:34.8983264+02:00"},{"id":191,"ticketNumber":54,"tag":"A","operationType":2,"timeStamp":"2019-10-25T00:28:34.8983264+02:00"},{"id":192,"ticketNumber":50,"tag":"D","operationType":0,"timeStamp":"2019-10-25T00:29:34.8983264+02:00"},{"id":193,"ticketNumber":41,"tag":"B","operationType":3,"timeStamp":"2019-10-25T00:30:34.8983264+02:00"},{"id":194,"ticketNumber":54,"tag":"C","operationType":2,"timeStamp":"2019-10-25T00:31:34.8983264+02:00"},{"id":195,"ticketNumber":42,"tag":"B","operationType":1,"timeStamp":"2019-10-25T00:32:34.8983264+02:00"},{"id":196,"ticketNumber":55,"tag":"A","operationType":0,"timeStamp":"2019-10-25T00:33:34.8983264+02:00"},{"id":197,"ticketNumber":56,"tag":"A","operationType":2,"timeStamp":"2019-10-25T00:34:34.8983264+02:00"},{"id":198,"ticketNumber":43,"tag":"B","operationType":0,"timeStamp":"2019-10-25T00:35:34.8983264+02:00"},{"id":199,"ticketNumber":57,"tag":"A","operationType":0,"timeStamp":"2019-10-25T00:36:34.8983264+02:00"}]